locus_tag,gene,srm_ response,concentration,peptides_per_protein
Rv0440,groEL2,397410897,647,3
Rv3417c,groEL1,77534470,474,4
Rv1388,mihF,99892635,470,3
Rv3418c,groES,348197398,311,3
Rv0685,tuf,156654067,215,4
Rv2244,acpM,277635329,139,3
Rv0951,sucC,96923224,135,3
Rv1392,metK,84798418,118,2
Rv1908c,katG,77685892,109,3
Rv2460c,clpP2,73520517,103,3
Rv3914,trxC,71093247,100,3
Rv2995c,leuB,63848776,90,3
Rv1488,,63378876,89,3
Rv2220,glnA1,55571317,79,3
Rv3841,bfrB,52881087,75,3
Rv0475,hbhA,50587461,72,3
Rv3874,esxB,49426324,70,3
Rv1133c,metE,25341540,65,3
Rv2246,kasB,45575932,65,4
Rv0814c,sseC2,44605258,63,3
Rv1636,TB15.3,43843760,62,3
Rv0283,eccB3,43173095,62,3
Rv3457c,rpoA,33887026,60,3
Rv0931c,pknD,40034427,57,3
Rv0290,eccD3,37975770,54,3
Rv1544,,35733996,51,4
Rv2140c,TB18.6,34677186,50,3
Rv1886c,fbpB,34368284,49,3
Rv1074c,fadA3,33355224,48,3
Rv1240,mdh,31818857,46,3
Rv0350,dnaK,31516784,45,2
Rv0053,rpsF,31484539,45,3
Rv0652,rplL,31079646,45,3
Rv2245,kasA,30407210,44,3
Rv0733,adk,30307021,44,3
Rv1310,atpD,60552836,43,3
Rv0009,ppiA,29465949,42,4
Rv2831,echA16,17847477,42,3
Rv1436,gap,28613435,41,3
Rv0655,mkl,27163152,39,5
Rv1070c,echA8,26788171,39,3
Rv0211,pckA,26242747,38,3
Rv0164,TB18.5,26036696,38,2
Rv3801c,fadD32,25406664,37,3
Rv2185c,TB16.3,24250265,35,6
Rv0636,hadB,23322763,34,2
Rv1932,tpx,23193654,34,3
Rv0968,,23117699,34,3
Rv0871,cspB,22461602,33,3
Rv1475c,acn,9121117,32,3
Rv0054,ssb,21402581,31,3
Rv2461c,clpP1,21321200,31,2
Rv0934,pstS1,20866440,30,2
Rv0234c,gabD1,4168898,30,3
Rv0363c,fba,20335436,30,3
Rv1023,eno,20123246,29,3
Rv1308,atpA,19903543,29,3
Rv0683,rpsG,19901032,29,3
Rv0282,eccA3,18959531,28,3
Rv0248c,,18749688,27,3
Rv2744c,35kd_ag,18717803,27,3
Rv3403c,,18465153,27,2
Rv2296,,18432487,27,4
Rv0967,csoR,18060471,26,2
Rv0580c,,17959306,26,3
Rv0815c,cysA2,17881335,26,3
Rv1827,garA,17246293,25,2
Rv2780,ald,16785737,25,3
Rv2632c,,16767178,25,2
Rv3028c,fixB,16646467,24,3
Rv1484,inhA,16593851,24,5
Rv0242c,fabG4,16586927,24,3
Rv3849,espR,16500534,24,2
Rv0155,pntAa,16390102,24,3
Rv1489,,15952508,23,2
Rv0284,eccC3,15929924,23,6
Rv1612,trpB,15899239,23,3
Rv1211,,15886207,23,2
Rv0270,fadD2,15852794,23,3
Rv2803,,15842589,23,2
Rv3846,sodA,15798362,23,3
Rv1479,moxR1,15665207,23,3
Rv1248c,,15408286,23,3
Rv1872c,lldD2,15262987,22,3
Rv3274c,fadE25,15052102,22,3
Rv0896,gltA2,15051012,22,3
Rv0952,sucD,15024233,22,5
Rv0642c,mmaA4,15010262,22,3
Rv2890c,rpsB,14995678,22,3
Rv0577,TB27.3,14943124,22,3
Rv1875,,14877728,22,2
Rv0056,rplI,14838914,22,3
Rv1641,infC,14735062,22,4
Rv3676,,14534227,21,3
Rv0860,fadB,14346018,21,7
Rv0969,ctpV,14286723,21,3
Rv0291,mycP3,14229457,21,3
Rv0292,eccE3,14202549,21,3
Rv3001c,ilvC,14144413,21,4
Rv0020c,fhaA,14076466,21,6
Rv0639,nusG,13499416,20,3
Rv1919c,,13488024,20,3
Rv3029c,fixA,13399872,20,3
Rv0873,fadE10,13287403,20,6
Rv0719,rplF,7393756,19,3
Rv2783c,gpsI,13059195,19,6
Rv3208A,TB9.4,13036993,19,3
Rv0932c,pstS2,12899233,19,3
Rv2196,qcrB,12883859,19,3
Rv2158c,murE,2209055,19,3
Rv1404,,12790361,19,3
Rv1703c,,12778634,19,4
Rv2986c,hupB,12766711,19,3
Rv2711,ideR,12730885,19,3
Rv2213,pepB,12729081,19,3
Rv1017c,prsA,12677497,19,3
Rv3628,ppa,12558757,19,5
Rv3875,esxA,12521892,18,2
Rv3190c,,12517943,18,3
Rv3285,accA3,12505980,18,4
Rv2215,dlaT,12318371,18,2
Rv0984,moaB2,12013442,18,2
Rv1925,fadD31,11963817,18,2
Rv0247c,,11935115,18,3
Rv0351,grpE,11858975,18,3
Rv3246c,mtrA,11677432,17,3
Rv3800c,pks13,11590888,17,5
Rv0716,rplE,11564024,17,3
Rv0700,rpsJ,11287775,17,3
Rv1323,fadA4,11189488,17,6
Rv2941,fadD28,11161245,17,3
Rv3389c,htdY,11159589,17,3
Rv1201c,dapD,11002433,16,3
Rv0281,,10868698,16,3
Rv2889c,tsf,10721440,16,3
Rv3804c,fbpA,10667001,16,3
Rv1837c,glcB,10785608,16,4
Rv3458c,rpsD,10506980,16,3
Rv2971,,10491050,16,3
Rv2202c,adoK,10401889,15,3
Rv0884c,serC,10292375,15,5
Rv0243,fadA2,10243071,15,3
Rv3780,,10232734,15,4
Rv2996c,serA1,10035931,15,3
Rv1843c,guaB1,10033712,15,3
Rv1309,atpG,9898830,15,3
Rv0464c,,9865833,15,3
Rv2200c,ctaC,9751424,15,3
Rv1980c,mpt64,9731079,14,3
Rv3102c,ftsE,9657763,14,3
Rv2904c,rplS,9563724,14,3
Rv2299c,htpG,9499277,14,4
Rv0730,,9487804,14,5
Rv2466c,,9468902,14,3
Rv0458,,9397653,14,5
Rv3248c,sahH,25233813,14,3
Rv3443c,rplM,9364991,14,3
Rv1771,,9313113,14,6
Rv0859,fadA,9279825,14,3
Rv2785c,rpsO,9270042,14,3
Rv2428,ahpC,9209991,14,3
Rv2467,pepN,9205698,14,3
Rv0721,rpsE,8859310,13,2
Rv0651,rplJ,8856423,13,3
Rv1871c,,8829399,13,3
Rv1596,nadC,8809388,13,3
Rv2462c,tig,8805249,13,4
Rv0702,rplD,8725396,13,3
Rv1449c,tkt,8708730,13,3
Rv2883c,pyrH,8658555,13,3
Rv2940c,mas,8601141,13,4
Rv3852,hns,8534660,13,3
Rv0037c,,8499944,13,2
Rv1328,glgP,8429428,13,3
Rv3718c,,8348643,12,3
Rv0635,hadA,14172737,12,2
Rv0384c,clpB,8202773,12,4
Rv1098c,fum,8199093,12,6
Rv0632c,echA3,8165955,12,3
Rv1480,,8020184,12,3
Rv2882c,frr,8010504,12,3
Rv2204c,,7996263,12,3
Rv0925c,,7995267,12,3
Rv0637,hadC,7962883,12,3
Rv1078,pra,7924040,12,3
Rv0667,rpoB,7875830,12,7
Rv3264c,manB,7882020,12,3
Rv1860,apa,7855517,12,3
Rv0227c,,7839669,12,3
Rv3280,accD5,7755179,12,4
Rv2055c,rpsR2,7735328,12,3
Rv2145c,wag31,7662694,11,3
Rv3747,,7645109,11,2
Rv3519,,7634285,11,2
Rv0439c,,7616405,11,3
Rv0146,,7568618,11,4
Rv3678c,,7505201,11,3
Rv3205c,,7431491,11,3
Rv3528c,,7412592,11,3
Rv1093,glyA1,7406090,11,5
Rv0788,purQ,7230429,11,2
Rv0854,,7228543,11,3
Rv2949c,,7150258,11,3
Rv2909c,rpsP,7148335,11,2
Rv1297,rho,7111467,11,2
Rv1630,rpsA,16171452,11,3
Rv0684,fusA1,7096941,11,3
Rv1543,,7079014,11,3
Rv3720,,7066830,11,6
Rv2606c,snzP,7060961,11,3
Rv3596c,clpC1,7042106,11,3
Rv2129c,,8269965,11,5
Rv0469,umaA,6935775,10,3
Rv1311,atpC,6886937,10,2
Rv0066c,icd2,6885369,10,3
Rv0824c,desA1,6870453,10,2
Rv2477c,,6858217,10,6
Rv2703,sigA,6823880,10,2
Rv3224,,6807976,10,3
Rv2195,qcrA,6800193,10,3
Rv0831c,,6783529,10,2
Rv0718,rpsH,6736569,10,3
Rv0668,rpoC,6720973,10,3
Rv3462c,infA,6686494,10,2
Rv0757,phoP,6612670,10,3
Rv3269,,6607157,10,3
Rv2110c,prcB,6589128,10,3
Rv2509,,6534024,10,3
Rv3196A,,6521872,10,3
Rv1626,,6486099,10,5
Rv0006,gyrA,6425952,10,4
Rv2773c,dapB,6396860,10,3
Rv2429,ahpD,6341520,10,3
Rv2161c,,6237983,9,4
Rv0018c,pstP,6178668,9,4
Rv1731,gabD2,6102636,9,3
Rv2603c,,6069768,9,3
Rv3816c,,6068903,9,3
Rv0675,echA5,6060201,9,3
Rv0002,dnaN,6051671,9,3
Rv1613,trpA,6042915,9,3
Rv3200c,,6027745,9,4
Rv0315,,6014713,9,2
Rv2302,,6014016,9,2
Rv0707,rpsC,5927696,9,3
Rv1747,,5880073,9,5
Rv0241c,htdX,5853634,9,3
Rv0654,,5814858,9,6
Rv0503c,cmaA2,5808455,9,3
Rv0787A,,5689146,9,3
Rv1593c,,5642037,9,5
Rv2993c,,5624118,8,3
Rv0044c,,5806498,8,3
Rv1855c,,5595525,8,3
Rv3865,espF,5552289,8,3
Rv0250c,,5548700,8,3
Rv2981c,ddlA,5544600,8,3
Rv2241,aceE,5531454,8,3
Rv3734c,,5528551,8,3
Rv1437,pgk,5523977,8,7
Rv0500,proC,5521567,8,3
Rv2524c,fas,5468149,8,3
Rv2091c,,5435615,8,3
Rv1306,atpF,5427514,8,3
Rv3864,espE,5401611,8,4
Rv1876,bfrA,5378265,8,2
Rv1834,lipZ,5366450,8,2
Rv3583c,,5362509,8,3
Rv0889c,citA,5211021,8,3
Rv1833c,,5209359,8,2
Rv1508c,,5190054,8,3
Rv0720,rplR,5189043,8,3
Rv3774,echA21,5176171,8,3
Rv3000,,5155726,8,3
Rv0641,rplA,5145376,8,2
Rv0186,bglS,5143949,8,5
Rv2448c,valS,5076810,8,3
Rv0231,fadE4,5025625,8,4
Rv0905,echA6,5011706,8,2
Rv1466,,5009926,8,2
Rv3099c,,4964713,8,3
Rv2453c,mobA,4952506,8,3
Rv1180,pks3,4951254,8,5
Rv3868,eccA1,4943418,7,7
Rv2166c,,4931922,7,3
Rv2455c,,4921331,7,3
Rv2298,,4914607,7,3
Rv3283,sseA,4896574,7,3
Rv3584,lpqE,4893193,7,3
Rv3531c,,4878508,7,2
Rv1594,nadA,4870519,7,2
Rv0484c,,4857188,7,4
Rv1658,argG,4853349,7,3
Rv3489,,4852598,7,3
Rv1770,,4852267,7,3
Rv0180c,,4826536,7,3
Rv3463,,4798979,7,5
Rv3206c,moeB1,4792416,7,3
Rv1443c,,4773630,7,3
Rv2294,,4772239,7,3
Rv3295,,4743477,7,4
Rv1406,fmt,4727339,7,3
Rv1080c,greA,4727145,7,2
Rv2061c,,4722408,7,3
Rv1611,trpC,4686191,7,2
Rv0723,rplO,4685034,7,3
Rv3509c,ilvX,4672794,7,3
Rv3803c,fbpD,4655271,7,2
Rv1099c,glpX,4622685,7,3
Rv1483,fabG1,4616772,7,3
Rv2109c,prcA,4591577,7,3
Rv3520c,,4588710,7,2
Rv3709c,ask,4584158,7,2
Rv0352,dnaJ1,4581279,7,3
Rv0088,,4545103,7,3
Rv1978,,4524130,7,6
Rv0007,,4519029,7,2
Rv3692,moxR2,4507974,7,3
Rv1122,gnd2,4487006,7,3
Rv1471,trxB1,4460751,7,3
Rv2952,,4444186,7,3
Rv2579,dhaA,4435240,7,3
Rv0129c,fbpC,4425478,7,3
Rv0853c,pdc,4424991,7,3
Rv3708c,asd,4414543,7,4
Rv3161c,,4402110,7,3
Rv1296,thrB,4370154,7,2
Rv0809,purM,3033459,7,4
Rv0418,lpqL,4329766,7,6
Rv2222c,glnA2,4318524,7,3
Rv0462,lpdC,4290491,7,3
Rv1060,,4286408,7,3
Rv2226,,4254099,6,3
Rv2861c,mapB,4223410,6,4
Rv2935,ppsE,4202914,6,3
Rv2427c,proA,3683202,6,4
Rv1559,ilvA,4169532,6,3
Rv1423,whiA,4154334,6,2
Rv3888c,,4152407,6,6
Rv1391,dfp,4150122,6,3
Rv0222,echA1,4133294,6,5
Rv3094c,,4123093,6,3
Rv3140,fadE23,4114014,6,3
Rv1410c,,4113181,6,2
Rv2050,,4104598,6,4
Rv1275,lprC,4088113,6,2
Rv2159c,,4078130,6,3
Rv1177,fdxC,4077376,6,2
Rv2676c,,4071816,6,4
Rv0714,rplN,4050781,6,2
Rv0753c,mmsA,4042485,6,3
Rv0470c,pcaA,4041625,6,2
Rv1463,,4013600,6,3
Rv2454c,,4010963,6,2
Rv3281,accE5,4005133,6,3
Rv2210c,ilvE,4001755,6,3
Rv1006,,3999416,6,3
Rv2187,fadD15,3967239,6,5
Rv0272c,,3959116,6,3
Rv2976c,ung,3926744,6,4
Rv2339,mmpL9,3918961,6,3
Rv3169,,3891845,6,3
Rv3143,,3881958,6,3
Rv0537c,,3873841,6,3
Rv2919c,glnB,3870428,6,2
Rv2778c,,3859009,6,3
Rv2928,tesA,2980488,6,2
Rv2754c,thyX,3854953,6,2
Rv2441c,rpmA,3846909,6,3
Rv2582,ppiB,3839075,6,3
Rv3390,lpqD,3838398,6,4
Rv1955,higA1,3809855,6,3
Rv3515c,fadD19,3808198,6,4
Rv3137,,3806977,6,3
Rv1751,,3800575,6,2
Rv1261c,,3761819,6,3
Rv3813c,,3757261,6,3
Rv3396c,guaA,3742318,6,3
Rv2211c,gcvT,3721741,6,3
Rv0183,,3709670,6,3
Rv1020,mfd,3706652,6,4
Rv0223c,,3700109,6,7
Rv0360c,,3698266,6,3
Rv0333,,3694871,6,3
Rv0036c,,3690735,6,4
Rv1333,,3688956,6,3
Rv3051c,nrdE,3687626,6,3
Rv2216,,3683767,6,2
Rv3547,ddn,3652649,6,3
Rv1304,atpB,3643241,6,2
Rv1627c,,3629918,6,3
Rv0583c,lpqN,3624787,6,2
Rv3061c,fadE22,3619608,6,3
Rv2716,,3616866,6,3
Rv3042c,serB2,3592913,5,6
Rv0794c,,3578710,5,5
Rv0688,,3567509,5,3
Rv1156,,3546530,5,2
Rv2627c,,3519784,5,5
Rv1097c,,3495582,5,2
Rv0731c,,3487497,5,4
Rv3311,,3479620,5,3
Rv0356c,,3465434,5,3
Rv0687,,3461994,5,3
Rv0005,gyrB,3454467,5,2
Rv3623,lpqG,3439953,5,3
Rv0751c,mmsB,3434129,5,3
Rv1312,,3421547,5,3
Rv2131c,cysQ,3420754,5,2
Rv0317c,glpQ2,3405596,5,4
Rv1335,cysO,3398176,5,3
Rv2214c,ephD,3391977,5,3
Rv0708,rplP,3390328,5,3
Rv2765,,3370365,5,8
Rv2391,sirA,3367099,5,4
Rv1676,,3354115,5,3
Rv3598c,lysS,3352719,5,3
Rv2587c,secD,3349804,5,3
Rv1223,htrA,3331391,5,2
Rv2740,ephG,3329371,5,3
Rv0533c,fabH,3328713,5,5
Rv3369,,3327453,5,3
Rv1324,,3324714,5,3
Rv1899c,lppD,3319256,5,3
Rv1192,,3302892,5,4
Rv1018c,glmU,3295870,5,3
Rv0709,rpmC,3295421,5,2
Rv2955c,,3294497,5,2
Rv2858c,aldC,3289160,5,3
Rv0244c,fadE5,3282692,5,3
Rv3230c,,3270006,5,5
Rv3141,fadB4,3258129,5,4
Rv0705,rpsS,3245172,5,2
Rv0933,pstB,3240645,5,5
Rv2511,orn,3240022,5,3
Rv1820,ilvG,3239628,5,3
Rv0437c,psd,3233104,5,3
Rv2580c,hisS,3232144,5,6
Rv2486,echA14,3223211,5,5
Rv0467,icl1,3221689,5,4
Rv3795,embB,3208790,5,3
Rv0644c,mmaA2,3202107,5,3
Rv3526,kshA,3197272,5,3
Rv3582c,ispD,3189477,5,3
Rv2720,lexA,3186611,5,2
Rv2908c,,3184700,5,2
Rv0500A,,3178907,5,3
Rv3719,,3156430,5,4
Rv1194c,,3150793,5,6
Rv3105c,prfB,3141807,5,3
Rv3356c,folD,3134835,5,3
Rv2878c,mpt53,3132824,5,2
Rv1094,desA2,3126637,5,2
Rv0407,fgd1,3121162,5,2
Rv2766c,,3114024,5,5
Rv3825c,pks2,3106680,5,6
Rv2150c,ftsZ,3100581,5,3
Rv0190,,3089750,5,2
Rv1181,pks4,3088177,5,2
Rv1438,tpi,3086042,5,3
Rv2903c,lepB,3082304,5,3
Rv2141c,,3075885,5,5
Rv2574,,3068280,5,2
Rv2064,cobG,3054956,5,4
Rv2967c,pca,3042961,5,3
Rv1140,,3039033,5,2
Rv0347,,3019560,5,6
Rv3203,lipV,3017999,5,3
Rv2970c,lipN,3012421,5,3
Rv2673,aftC,3010944,5,3
Rv1056,,3007211,5,3
Rv3090,,3003875,5,3
Rv0391,metZ,2992824,5,3
Rv3460c,rpsM,2990510,5,3
Rv1379,pyrR,2982260,5,3
Rv1143,mcr,2980283,5,3
Rv1340,rphA,2975517,5,6
Rv2518c,ldtB,2971718,5,3
Rv1798,eccA5,2968302,5,2
Rv3755c,,2967176,5,3
Rv1511,gmdA,2948671,5,3
Rv2373c,dnaJ2,2948313,5,3
Rv2054,,2946255,5,3
Rv2674,msrB,2938281,5,5
Rv3273,,2934356,5,3
Rv3853,rraA,2932316,5,3
Rv1416,ribH,2931181,5,3
Rv0046c,ino1,2925301,5,3
Rv0928,pstS3,2925276,5,3
Rv3871,eccCb1,2921307,4,6
Rv1650,pheT,2921086,4,3
Rv1856c,,2918412,4,4
Rv1144,,2913240,4,2
Rv3036c,TB22.2,2902372,4,2
Rv0189c,ilvD,2893032,4,2
Rv3292,,2890187,4,3
Rv1384,carB,2881353,4,2
Rv3556c,fadA6,2875744,4,3
Rv2839c,infB,2875357,4,2
Rv1124,ephC,2868975,4,3
Rv0820,phoT,2853342,4,4
Rv2945c,lppX,2849963,4,2
Rv2555c,alaS,2843185,4,5
Rv2721c,,2822333,4,3
Rv0119,fadD7,2817832,4,6
Rv3075c,,2812763,4,3
Rv3240c,secA1,2811752,4,3
Rv2238c,ahpE,2811666,4,3
Rv3490,otsA,2804369,4,3
Rv1531,,2791283,4,3
Rv2605c,tesB2,2787923,4,3
Rv3301c,phoY1,2783520,4,3
Rv2951c,,2778591,4,3
Rv3006,lppZ,2776776,4,3
Rv3869,eccB1,2772516,4,3
Rv1269c,,2771639,4,2
Rv2357c,glyS,2769920,4,3
Rv3139,fadE24,2764175,4,3
Rv1274,lprB,2746179,4,2
Rv1638A,,2745730,4,3
Rv3920c,,2740379,4,3
Rv2476c,gdh,2740212,4,2
Rv1893,,2731719,4,3
Rv3669,,2729171,4,2
Rv0411c,glnH,2726383,4,3
Rv0803,purL,2723897,4,3
Rv2921c,ftsY,2722581,4,3
Rv3400,,2721532,4,3
Rv2927c,,2703864,4,5
Rv3842c,glpQ1,2701885,4,3
Rv1679,fadE16,2700657,4,5
Rv0566c,,2644744,4,2
Rv2496c,pdhB,2641330,4,3
Rv0821c,phoY2,2638100,4,3
Rv1292,argS,2637838,4,2
Rv0400c,fadE7,2633003,4,3
Rv3050c,,2623260,4,3
Rv2590,fadD9,2620676,4,3
Rv2953,,2617949,4,3
Rv0357c,purA,2614766,4,3
Rv1082,mca,2611824,4,6
Rv0157,pntB,2606417,4,4
Rv0148,,2602790,4,4
Rv1447c,zwf2,2595115,4,4
Rv2445c,ndkA,2594069,4,2
Rv1609,trpE,2589802,4,3
Rv0946c,pgi,2588982,4,3
Rv1106c,,2581921,4,4
Rv2675c,,2581369,4,6
Rv3722c,,2579005,4,4
Rv2178c,aroG,2567274,4,2
Rv3368c,,2559424,4,3
Rv1178,,2550283,4,3
Rv3011c,gatA,2549912,4,3
Rv0865,mog,2540912,4,2
Rv3913,trxB2,2538771,4,5
Rv2672,,2536510,4,3
Rv1454c,qor,2534345,4,2
Rv3168,,2533566,4,6
Rv2228c,,2531526,4,3
Rv2503c,scoB,2523516,4,2
Rv0433,,2510538,4,3
Rv2868c,gcpE,2499899,4,2
Rv3309c,upp,2499485,4,3
Rv1546,,2492123,4,3
Rv0647c,,2476357,4,3
Rv0811c,,2467854,4,3
Rv2691,ceoB,2467593,4,3
Rv1654,argB,2462341,4,7
Rv0530,,2461580,4,3
Rv3671c,,2445598,4,3
Rv0427c,xthA,2441101,4,7
Rv0426c,,2427431,4,3
Rv3682,ponA2,2426932,4,6
Rv1336,cysM,2421274,4,3
Rv3043c,ctaD,2418697,4,3
Rv1341,,2407585,4,3
Rv3272,,2398660,4,6
Rv1112,,2398353,4,3
Rv3442c,rpsI,2394016,4,2
Rv1285,cysD,2390994,4,3
Rv0271c,fadE6,4397492,4,8
Rv3921c,,2386152,4,3
Rv0127,,4183582,4,3
Rv0546c,,2348171,4,2
Rv3031,,2348051,4,5
Rv0445c,sigK,2345595,4,2
Rv0870c,,2336869,4,2
Rv1778c,,2331454,4,4
Rv1234,,2328299,4,2
Rv1196,PPE18,2328094,4,2
Rv0543c,,2323838,4,2
Rv0906,,2323462,4,3
Rv0456c,echA2,2310752,4,4
Rv0712,,2309310,4,5
Rv1294,thrA,4885218,4,3
Rv0800,pepC,2305472,4,5
Rv3255c,manA,2300506,4,3
Rv2442c,rplU,2286218,4,2
Rv1007c,metS,2280259,4,2
Rv2498c,citE,2279059,4,3
Rv0154c,fadE2,2266549,4,2
Rv0711,atsA,2264025,4,6
Rv0321,dcd,2261694,4,4
Rv3305c,amiA1,2259384,4,4
Rv2074,,2257022,4,3
Rv0724,sppA,2250423,3,5
Rv0008c,,2230501,3,2
Rv0237,lpqI,2228329,3,3
Rv0646c,lipG,2227006,3,5
Rv0760c,,2226473,3,2
Rv0524,hemL,2224071,3,3
Rv2151c,ftsQ,2223086,3,3
Rv1901,cinA,2217155,3,4
Rv2470,glbO,2214477,3,3
Rv3044,fecB,2211806,3,3
Rv2916c,ffh,2211156,3,3
Rv0957,purH,5835769,3,5
Rv3680,,2199518,3,3
Rv0504c,,2198991,3,3
Rv0474,,2195154,3,3
Rv1695,ppnK,2188797,3,4
Rv0798c,cfp29,2187213,3,3
Rv3910,,2182770,3,4
Rv0981,mprA,2182050,3,3
Rv0034,,2174344,3,2
Rv1245c,,2162963,3,6
Rv1784,eccCb5,2162269,3,3
Rv2715,,2156311,3,3
Rv1699,pyrG,2146459,3,3
Rv1421,,2144052,3,3
Rv2696c,,2143155,3,4
Rv0200,,2140673,3,3
Rv3010c,pfkA,2136131,3,3
Rv0296c,,2131778,3,3
Rv2175c,,2125446,3,3
Rv1267c,embR,2115426,3,3
Rv0511,hemD,2110524,3,4
Rv2692,ceoC,2109187,3,3
Rv0068,,2097722,3,4
Rv3710,leuA,2087151,3,3
Rv2930,fadD26,2084614,3,6
Rv2449c,,2082009,3,3
Rv0444c,rskA,2079790,3,2
Rv1409,ribG,2078933,3,3
Rv1058,fadD14,2075659,3,3
Rv1411c,lprG,2069908,3,3
Rv2243,fabD,2067105,3,4
Rv1507c,,2058960,3,4
Rv0701,rplC,2054535,3,2
Rv0042c,,2050626,3,3
Rv2002,fabG3,2049884,3,3
Rv3917c,parB,2048349,3,4
Rv2982c,gpdA2,2047747,3,2
Rv3775,lipE,2043489,3,2
Rv0813c,,2036586,3,5
Rv1821,secA2,2033958,3,3
Rv3614c,espD,2029647,3,2
Rv2112c,dop,2019508,3,4
Rv1383,carA,2017566,3,3
Rv0423c,thiC,2011894,3,3
Rv3257c,pmmA,2008544,3,2
Rv2172c,,2008119,3,3
Rv1458c,,2002667,3,2
Rv0361,,2002637,3,3
Rv3401,,2000776,3,3
Rv2564,glnQ,1996348,3,4
Rv2465c,rpiB,1995030,3,5
Rv3603c,,1991426,3,3
Rv1079,metB,1991369,3,2
Rv1683,,1988963,3,3
Rv0072,,1988591,3,6
Rv3767c,,1987424,3,2
Rv0338c,,1983789,3,5
Rv2873,mpt83,1980195,3,2
Rv0780,purC,1975535,3,3
Rv2225,panB,1974302,3,2
Rv3858c,gltD,1967530,3,6
Rv0019c,fhaB,1962772,3,3
Rv2536,,1960870,3,3
Rv2153c,murG,1953159,3,3
Rv0245,,1952242,3,4
Rv1377c,,1952170,3,4
Rv0818,,1951880,3,4
Rv0145,,1950747,3,2
Rv3679,,1944484,3,3
Rv1276c,,1943824,3,4
Rv3079c,,1939769,3,3
Rv2230c,,1936062,3,3
Rv0185,,1931470,3,2
Rv0468,fadB2,1930031,3,3
Rv3212,,1929216,3,3
Rv3799c,accD4,1927593,3,5
Rv3411c,guaB2,1924773,3,3
Rv1521,fadD25,1922643,3,3
Rv3342,,1922059,3,3
Rv0548c,menB,1917153,3,2
Rv1265,,1911389,3,2
Rv3802c,,1910849,3,3
Rv0187,,1909921,3,3
Rv2155c,murD,1905109,3,4
Rv2030c,,1904969,3,4
Rv2607,pdxH,1904225,3,4
Rv0562,grcC1,1898820,3,3
Rv0927c,,3015180,3,5
Rv3438,,1895750,3,3
Rv2732c,,1892938,3,3
Rv3147,nuoC,1891508,3,3
Rv3633,,1889593,3,2
Rv2005c,,1885414,3,3
Rv2484c,,1881233,3,2
Rv3818,,1879331,3,3
Rv3608c,folP1,1878832,3,2
Rv3781,rfbE,1877417,3,3
Rv3674c,nth,1875057,3,5
Rv1608c,bcpB,1873749,3,2
Rv3033,,1868031,3,2
Rv1260,,1867717,3,6
Rv2987c,leuD,1864059,3,3
Rv1084,,1860473,3,6
Rv1238,sugC,1859501,3,3
Rv1121,zwf1,1856277,3,3
Rv2157c,murF,1855171,3,3
Rv3302c,glpD2,1846026,3,3
Rv0864,moaC2,1843526,3,3
Rv2992c,gltS,1840991,3,3
Rv1836c,,1837260,3,2
Rv2933,ppsC,1830985,3,2
Rv0480c,,1827583,3,3
Rv2251,,1824848,3,3
Rv3754,tyrA,1824201,3,4
Rv2888c,amiC,1813312,3,3
Rv3772,hisC2,1797166,3,5
Rv2537c,aroD,1795244,3,3
Rv2931,ppsA,1792631,3,3
Rv0332,,1792237,3,4
Rv1623c,cydA,1787146,3,3
Rv3518c,cyp142,1785004,3,2
Rv0334,rmlA,1782332,3,3
Rv0538,,1777499,3,2
Rv2959c,,1777321,3,2
Rv3423c,alr,1775387,3,4
Rv1823,,1772391,3,3
Rv2412,rpsT,1771859,3,2
Rv3410c,guaB3,1768539,3,3
Rv2258c,,1758309,3,3
Rv1732c,,1754252,3,2
Rv2135c,,1752281,3,3
Rv2925c,rnc,1751089,3,4
Rv0496,,1750517,3,4
Rv0472c,,1748828,3,3
Rv0761c,adhB,1745344,3,3
Rv0286,PPE4,1736126,3,3
Rv2495c,pdhC,1732408,3,3
Rv1680,,1732109,3,3
Rv1218c,,1730605,3,3
Rv0410c,pknG,1728604,3,4
Rv3220c,,1721032,3,4
Rv1001,arcA,1720537,3,3
Rv2224c,caeA,1718161,3,4
Rv1629,polA,1713951,3,2
Rv3510c,,1712614,3,3
Rv1293,lysA,1712386,3,6
Rv2565,,1703313,3,2
Rv1364c,,1699980,3,2
Rv2095c,pafC,1694414,3,3
Rv2114,,1692772,3,2
Rv0994,moeA1,1690341,3,6
Rv1689,tyrS,1683255,3,3
Rv3336c,trpS,1680746,3,3
Rv2965c,kdtB,1677000,3,3
Rv3607c,folB,1675878,3,2
Rv0690c,,1675302,3,2
Rv1461,,1665469,3,3
Rv2016,,1663836,3,4
Rv2134c,,1660889,3,3
Rv3791,dprE2,1660294,3,5
Rv1239c,corA,1658513,3,2
Rv1598c,,1656642,3,3
Rv1021,,1651552,3,3
Rv2701c,suhB,1648599,3,3
Rv3376,,1648520,3,4
Rv2297,,1647269,3,2
Rv3148,nuoD,1646115,3,3
Rv0513,,1644786,3,3
Rv1220c,,1644453,3,3
Rv0819,mshD,1639996,3,3
Rv3009c,gatB,1636807,3,3
Rv0126,treS,1635310,3,3
Rv2954c,,1629787,3,4
Rv3863,,1629732,3,3
Rv1795,eccD5,1628073,3,2
Rv3211,rhlE,1625743,3,6
Rv2457c,clpX,1621369,3,3
Rv2289,cdh,1616393,3,3
Rv3106,fprA,1614794,3,4
Rv1993c,,1610547,3,2
Rv1601,hisB,1610359,3,2
Rv1206,fadD6,1606157,3,3
Rv3843c,,1604667,3,3
Rv2694c,,1594347,2,4
Rv3261,fbiA,1593170,2,3
Rv1445c,devB,1592681,2,2
Rv2018,,1592301,2,3
Rv2751,,1592128,2,6
Rv3151,nuoG,1591951,2,3
Rv3588c,canB,1591892,2,3
Rv2739c,,1587204,2,3
Rv0383c,,1585076,2,4
Rv1923,lipD,1582985,2,3
Rv1512,epiA,1582349,2,3
Rv1533,,1576868,2,3
Rv3587c,,1576755,2,3
Rv1363c,,1574770,2,3
Rv0547c,,1565210,2,3
Rv2678c,hemE,1564032,2,2
Rv1617,pykA,1561958,2,2
Rv1295,thrC,1556923,2,2
Rv0553,menC,1556621,2,2
Rv3778c,,1555551,2,3
Rv3318,sdhA,1552894,2,3
Rv1280c,oppA,1552440,2,3
Rv1446c,opcA,1548246,2,6
Rv1874,,1544482,2,3
Rv1595,nadB,1543388,2,6
Rv2149c,yfiH,1542644,2,3
Rv3634c,galE1,1541172,2,3
Rv0555,menD,1540268,2,6
Rv1762c,,1538167,2,3
Rv3154,nuoJ,1536752,2,2
Rv1513,,1536058,2,2
Rv2922A,acyP,1532927,2,4
Rv0153c,ptbB,1531519,2,3
Rv2852c,mqo,1528512,2,4
Rv1339,,1520585,2,2
Rv3837c,,1513994,2,2
Rv0801,,1513271,2,3
Rv1314c,,1513173,2,2
Rv2939,papA5,1512422,2,3
Rv3012c,gatC,1512155,2,3
Rv3041c,,1510479,2,3
Rv0230c,php,1510209,2,4
Rv2572c,aspS,1509672,2,3
Rv1832,gcvB,1507336,2,2
Rv1010,ksgA,1507009,2,4
Rv1990c,,1506884,2,3
Rv1783,eccCa5,1506544,2,3
Rv3723,,1505833,2,2
Rv3534c,hsaF,1490704,2,2
Rv1464,csd,1490611,2,3
Rv2375,,1489258,2,3
Rv0998,,1485835,2,4
Rv0830,,1485669,2,3
Rv1179c,,1484871,2,5
Rv3661,,1483859,2,4
Rv0443,,1481947,2,4
Rv1166,lpqW,1478833,2,2
Rv1307,atpH,1477581,2,3
Rv1193,fadD36,1476059,2,3
Rv1229c,mrp,1475992,2,3
Rv0078A,,1474940,2,2
Rv3876,espI,1474102,2,6
Rv2345,,1473533,2,4
Rv0389,purT,1470621,2,2
Rv1387,PPE20,1470272,2,3
Rv3193c,,1459891,2,3
Rv0365c,,1458332,2,3
Rv2799,,1458075,2,3
Rv2901c,,1453746,2,3
Rv3290c,lat,1444503,2,2
Rv3667,acs,1434644,2,3
Rv3838c,pheA,1433397,2,2
Rv1746,pknF,1430796,2,5
Rv3777,,1428081,2,4
Rv0052,,1427531,2,5
Rv0686,,1418080,2,2
Rv3303c,lpdA,1417162,2,6
Rv2906c,trmD,1401558,2,2
Rv0177,,1400098,2,5
Rv0050,ponA1,1399638,2,2
Rv1882c,,1394596,2,3
Rv1652,argC,1392401,2,4
Rv2698,,1391477,2,3
Rv0202c,mmpL11,1391371,2,3
Rv0576,,1385782,2,3
Rv1077,cbs,1384824,2,2
Rv3256c,,1384737,2,3
Rv1360,,1381978,2,2
Rv3215,entC,1375405,2,4
Rv0023,,1372280,2,4
Rv0123,,1371252,2,2
Rv1825,,1369715,2,2
Rv2338c,moeW,1366828,2,4
Rv2334,cysK1,1363948,2,3
Rv3880c,espL,1362255,2,2
Rv3761c,fadE36,1362056,2,3
Rv1266c,pknH,1361310,2,3
Rv3465,rmlC,1359790,2,2
Rv1880c,cyp140,1352764,2,3
Rv0479c,,1352418,2,3
Rv0438c,moeA2,1352062,2,3
Rv3104c,,1350359,2,4
Rv3210c,,1347769,2,3
Rv2500c,fadE19,1345166,2,4
Rv2314c,,1342072,2,2
Rv3602c,panC,1341895,2,3
Rv2589,gabT,2698943,2,3
Rv3322c,,1335043,2,3
Rv3834c,serS,1331446,2,3
Rv1719,,1329832,2,4
Rv3197,,1329521,2,3
Rv3873,PPE68,1329491,2,2
Rv0075,,1328521,2,2
Rv3824c,papA1,1327866,2,7
Rv0926c,,1326651,2,2
Rv3721c,dnaZX,1325806,2,2
Rv1191,,1324074,2,3
Rv3025c,iscS,1320673,2,5
Rv3808c,glfT2,1320576,2,3
Rv0678,,1319269,2,2
Rv1711,,1319030,2,2
Rv2400c,subI,1317273,2,3
Rv1692,,1316695,2,3
Rv3213c,,1316687,2,3
Rv2710,sigB,1316264,2,4
Rv3059,cyp136,1316157,2,5
Rv0331,,1315538,2,3
Rv3293,pcd,1312773,2,3
Rv3887c,eccD2,1308263,2,2
Rv1589,bioB,1304796,2,2
Rv2936,drrA,1304372,2,5
Rv0457c,,1301627,2,2
Rv1407,fmu,1298160,2,5
Rv3793,embC,1295089,2,3
Rv1761c,,1294262,2,4
Rv3275c,purE,1294220,2,2
Rv1118c,,1290531,2,4
Rv1281c,oppD,1289976,2,3
Rv1782,eccB5,1287014,2,2
Rv2280,,1286936,2,2
Rv1126c,,1285018,2,3
Rv1061,,1284894,2,3
Rv1286,cysN,1282732,2,3
Rv0985c,mscL,1281139,2,3
Rv2857c,,1274232,2,3
Rv0999,,1273769,2,3
Rv0134,ephF,1271791,2,2
Rv2847c,cysG,1270208,2,2
Rv0412c,,1269196,2,3
Rv3788,,1265766,2,2
Rv0899,ompA,1265639,2,4
Rv3119,moaE1,1265523,2,3
Rv3535c,hsaG,1264850,2,3
Rv3291c,lrpA,1264725,2,3
Rv0501,galE2,1263036,2,3
Rv1380,pyrB,1261311,2,5
Rv2540c,aroF,1259311,2,3
Rv3339c,icd1,1257963,2,6
Rv2042c,,1257609,2,5
Rv3870,eccCa1,1254498,2,5
Rv3483c,,1254488,2,2
Rv1769,,1252365,2,3
Rv3408,,1251409,2,4
Rv3279c,birA,1249894,2,2
Rv0149,,1247889,2,2
Rv2683,,1245027,2,2
Rv0844c,narL,1244210,2,2
Rv2447c,folC,1242134,2,3
Rv2201,asnB,1241676,2,4
Rv0489,gpm1,1241472,2,3
Rv2616,,1238801,2,2
Rv0262c,aac,1238644,2,3
Rv3695,,1238289,2,3
Rv2192c,trpD,1237683,2,4
Rv2682c,dxs1,1237004,2,3
Rv3153,nuoI,1232049,2,3
Rv1794,,1228867,2,2
Rv2305,,1227542,2,6
Rv2731,,1227111,2,3
Rv1096,,1225370,2,3
Rv2363,amiA2,1224242,2,3
Rv3575c,,1223428,2,3
Rv3909,,1219637,2,2
Rv0785,,1214499,2,6
Rv1059,,1214366,2,5
Rv1938,ephB,1214210,2,4
Rv0857,,1213619,2,3
Rv3826,fadD23,1212485,2,3
Rv0681,,1210791,2,3
Rv2934,ppsD,1210117,2,5
Rv0120c,fusA2,1209502,2,3
Rv3013,,1207896,2,4
Rv3407,,1206615,2,2
Rv1696,recN,1205693,2,6
Rv1869c,,1204633,2,2
Rv3606c,folK,1203325,2,3
Rv0911,,1202994,2,3
Rv0015c,pknA,1199122,2,4
Rv0493c,,1198526,2,5
Rv1412,ribC,1197189,2,2
Rv3045,adhC,1196050,2,2
Rv2247,accD6,1195407,2,3
Rv1780,,1195077,2,2
Rv0560c,,1194472,2,2
Rv3794,embA,1193338,2,3
Rv0298,,1191035,2,2
Rv3536c,hsaE,1189932,2,4
Rv2096c,pafB,1188304,2,3
Rv2291,sseB,1186434,2,2
Rv0055,rpsR1,1185779,2,2
Rv0972c,fadE12,1185196,2,3
Rv3198A,,1181950,2,3
Rv2182c,,1171084,2,2
Rv0409,ackA,1169406,2,3
Rv0812,,1168849,2,4
Rv3785,,1167554,2,2
Rv0406c,,1166156,2,3
Rv2037c,,1165221,2,3
Rv2052c,,1164095,2,6
Rv1215c,,1163680,2,2
Rv1101c,,1162909,2,2
Rv2117,,1162162,2,2
Rv1185c,fadD21,1161964,2,2
Rv2360c,,1161538,2,3
Rv3040c,,1161180,2,3
Rv1330c,pncB1,1159749,2,2
Rv1496,,1159157,2,3
Rv0175,,1157801,2,3
Rv3646c,topA,1851826,2,3
Rv2003c,,1152285,2,4
Rv2977c,thiL,1149822,2,4
Rv2593c,ruvA,1146849,2,3
Rv1182,papA3,1146143,2,4
Rv3227,aroA,1140203,2,2
Rv1237,sugB,1138851,2,2
Rv0130,htdZ,1138642,2,3
Rv0512,hemB,1137310,2,3
Rv3805c,aftB,1136298,2,3
Rv2368c,phoH1,1134619,2,5
Rv0289,espG3,1131077,2,3
Rv0940c,,1130125,2,5
Rv2263,,1129920,2,3
Rv3580c,cysS1,1128540,2,3
Rv3218,,1127263,2,4
Rv1232c,,1126936,2,2
Rv0734,mapA,1126505,2,4
Rv0706,rplV,1125092,2,2
Rv0732,secY,1124784,2,3
Rv0435c,,1124114,2,2
Rv0528,,1123111,2,3
Rv0038,,1122143,2,3
Rv3502c,,1118618,2,2
Rv2988c,leuC,1116289,2,3
Rv0201c,,1114641,2,3
Rv2790c,ltp1,1114198,2,4
Rv2726c,dapF,1108421,2,3
Rv1132,,1107047,2,3
Rv2403c,lppR,1104905,2,3
Rv0295c,,1103719,2,2
Rv0048c,,1103454,2,3
Rv3548c,,1097501,2,3
Rv1367c,,1097455,2,3
Rv1439c,,1096167,2,3
Rv0382c,pyrE,1095614,2,2
Rv1599,hisD,1094188,2,2
Rv2439c,proB,1093593,2,4
Rv3093c,,1091228,2,2
Rv2121c,hisG,1090297,2,3
Rv3482c,,1090139,2,3
Rv0986,,1089501,2,2
Rv3815c,,1086696,2,3
Rv0825c,,1086174,2,4
Rv0956,purN,1081721,2,4
Rv1467c,fadE15,1081033,2,3
Rv1019,,1079915,2,3
Rv3002c,ilvN,1078321,2,2
Rv0158,,1076157,2,3
Rv1086,,1075584,2,3
Rv2417c,,1071624,2,4
Rv1797,eccE5,1070220,2,3
Rv2482c,plsB2,1069841,2,3
Rv2915c,,1065462,2,3
Rv0221,,1065294,2,4
Rv1920,,1061918,2,3
Rv2985,mutT1,1061436,2,2
Rv3158,nuoN,1061362,2,2
Rv3237c,,1058875,2,2
Rv2504c,scoA,1054677,2,3
Rv2502c,accD1,1054346,2,7
Rv2130c,mshC,1052792,2,6
Rv0759c,,1052595,2,3
Rv2473,,1049594,2,2
Rv3809c,glf,1047801,2,3
Rv0348,,1047540,2,2
Rv3373,echA18,1044505,2,3
Rv1327c,glgE,1043041,2,2
Rv3058c,,1040040,2,2
Rv3340,metC,1036607,2,3
Rv0554,bpoC,1033837,2,2
Rv2051c,ppm1,1030604,2,3
Rv0564c,gpdA1,1029764,2,3
Rv0091,mtn,1028989,2,2
Rv2229c,,1027425,2,3
Rv1013,pks16,1024144,2,2
Rv3365c,,1021720,2,6
Rv3241c,,1021132,2,3
Rv3035,,1020595,2,4
Rv2374c,hrcA,1018569,2,2
Rv0293c,,1016549,2,4
Rv0178,,1015722,2,3
Rv1516c,,1011836,2,3
Rv3688c,,1008050,2,3
Rv3392c,cmaA1,1008019,2,3
Rv2569c,,1004093,2,4
Rv0171,mce1C,1002896,2,3
Rv0016c,pbpA,1001581,2,2
Rv3779,,1000275,2,4
Rv2256c,,1000255,2,3
Rv2581c,,1000176,2,3
Rv0563,htpX,996341,2,3
Rv0497,,996222,2,3
Rv0303,,990690,2,7
Rv0861c,ercc3,990109,2,3
Rv1108c,xseA,988375,2,6
Rv3731,ligC,987615,2,3
Rv2137c,,987535,2,3
Rv0466,,985080,2,2
Rv1283c,oppB,985005,2,3
Rv3068c,pgmA,984959,2,2
Rv3782,glfT1,982186,2,5
Rv1710,scpB,982088,2,3
Rv3501c,yrbE4A,981987,2,3
Rv0392c,ndhA,981277,2,3
Rv0137c,msrA,977902,2,2
Rv2942,mmpL7,976306,2,3
Rv1287,,973383,2,4
Rv0510,hemC,973375,2,3
Rv3436c,glmS,972878,2,3
Rv3907c,pcnA,970901,2,3
Rv3624c,hpt,968497,2,3
Rv0473,,964220,2,5
Rv1481,,962640,2,4
Rv2818c,,961226,2,7
Rv3504,fadE26,956720,2,2
Rv3313c,add,951118,2,3
Rv1400c,lipI,950250,2,2
Rv0199,,950009,2,2
Rv2249c,glpD1,949048,2,5
Rv0670,end,948958,2,3
Rv1350,fabG2,947044,2,4
Rv3464,rmlB,946904,2,3
Rv1100,,946889,2,2
Rv2419c,,944416,2,3
Rv1538c,ansA,943971,2,2
Rv2026c,,938995,1,3
Rv3003c,ilvB1,936993,1,3
Rv1152,,933515,1,3
Rv2737c,recA,931276,1,2
Rv2444c,rne,930956,1,2
Rv1209,,930510,1,3
Rv2402,,929936,1,3
Rv2989,,928078,1,3
Rv1326c,glgB,927816,1,2
Rv1109c,,926634,1,2
Rv2234,ptpA,924736,1,3
Rv2586c,secF,923113,1,4
Rv3574,kstR,922887,1,3
Rv2614c,thrS,921773,1,3
Rv1989c,,921161,1,4
Rv2837c,,920453,1,3
Rv3437,,919551,1,2
Rv1071c,echA9,918665,1,3
Rv3609c,folE,918320,1,2
Rv1025,,916441,1,5
Rv2124c,metH,915558,1,3
Rv2845c,proS,914776,1,3
Rv0845,,913594,1,3
Rv3038c,,911561,1,2
Rv0738,,910434,1,2
Rv0903c,prrA,910279,1,2
Rv1184c,,908690,1,3
Rv1213,glgC,907798,1,3
Rv0902c,prrB,907457,1,2
Rv2527,vapC17,906908,1,3
Rv3432c,gadB,906314,1,3
Rv2969c,,905300,1,3
Rv2680,,904809,1,3
Rv1561,vapC11,901871,1,4
Rv2533c,nusB,900585,1,3
Rv3850,,900037,1,2
Rv2841c,nusA,899961,1,2
Rv1170,mshB,899227,1,2
Rv3699,,897924,1,2
Rv1912c,fadB5,897657,1,2
Rv1998c,,895999,1,4
Rv3819,,895310,1,3
Rv3015c,,894616,1,3
Rv3882c,eccE1,893801,1,5
Rv0669c,,892376,1,3
Rv1754c,,891657,1,4
Rv0778,cyp126,891376,1,3
Rv3600c,,891344,1,2
Rv2409c,,890448,1,2
Rv1896c,,889214,1,3
Rv1996,,888181,1,3
Rv1638,uvrA,884971,1,3
Rv0176,,884732,1,2
Rv2558,,883344,1,5
Rv1615,,880516,1,2
Rv0417,thiG,880392,1,4
Rv0502,,878477,1,4
Rv3773c,,878437,1,3
Rv0300,vapB2,877008,1,3
Rv2006,otsB1,876071,1,4
Rv2948c,fadD22,875612,1,3
Rv1796,mycP5,875403,1,4
Rv2528c,mrr,874142,1,3
Rv1558,,873830,1,3
Rv1631,coaE,872779,1,3
Rv0492c,,871960,1,4
Rv1225c,,869187,1,6
Rv1338,murI,867096,1,6
Rv2406c,,867049,1,2
Rv2165c,,865065,1,3
Rv3014c,ligA,863928,1,4
Rv2315c,,862486,1,2
Rv0740,,860412,1,3
Rv2240c,,859458,1,2
Rv1536,ileS,858339,1,3
Rv3918c,parA,857000,1,3
Rv1854c,ndh,856359,1,3
Rv2372c,,855713,1,2
Rv3703c,,854016,1,4
Rv0773c,ggtA,854006,1,4
Rv2619c,,853404,1,3
Rv2404c,lepA,853383,1,3
Rv2438c,nadE,850046,1,3
Rv0672,fadE8,849951,1,2
Rv3814c,,849878,1,3
Rv3039c,echA17,848191,1,2
Rv3700c,,847365,1,3
Rv2259,mscR,845335,1,2
Rv0041,leuS,1452759,1,2
Rv3048c,nrdF2,1428177,1,3
Rv1422,,842891,1,2
Rv2850c,,842736,1,3
Rv3244c,lpqB,842177,1,2
Rv2553c,,840105,1,3
Rv0408,pta,838300,1,2
Rv1498c,,838113,1,3
Rv1614,lgt,837894,1,3
Rv1977,,835803,1,3
Rv0676c,mmpL5,834536,1,7
Rv3626c,,831341,1,3
Rv1381,pyrC,825608,1,4
Rv0523c,,821411,1,2
Rv0133,,820060,1,4
Rv3696c,glpK,818946,1,5
Rv0117,oxyS,816997,1,2
Rv1708,,814446,1,2
Rv2838c,rbfA,814058,1,4
Rv0276,,813230,1,2
Rv2097c,pafA,810910,1,6
Rv3419c,gcp,805898,1,3
Rv3790,dprE1,805640,1,3
Rv3146,nuoB,804477,1,3
Rv2101,helZ,804119,1,4
Rv0266c,oplA,803695,1,5
Rv2358,smtB,803676,1,3
Rv0208c,,803663,1,3
Rv1244,lpqZ,803461,1,4
Rv0769,,801703,1,3
Rv0441c,,801605,1,4
Rv3866,espG1,800117,1,2
Rv1865c,,799623,1,3
Rv0876c,,799203,1,2
Rv3276c,purK,797557,1,3
Rv1928c,,795093,1,4
Rv1424c,,793824,1,3
Rv1092c,coaA,792645,1,4
Rv0599c,,792634,1,2
Rv3307,deoD,792620,1,3
Rv3089,fadD13,791842,1,3
Rv1867,,791291,1,2
Rv2911,dacB2,790732,1,3
Rv3879c,espK,790554,1,3
Rv1591,,790277,1,2
Rv0172,mce1D,789196,1,3
Rv2584c,apt,788328,1,3
Rv2326c,,787690,1,2
Rv2718c,nrdR,787559,1,3
Rv1568,bioA,785609,1,3
Rv3748,,784199,1,2
Rv3505,fadE27,784113,1,5
Rv0307c,,781930,1,3
Rv0851c,,780500,1,4
Rv1257c,,778098,1,4
Rv0727c,fucA,774484,1,4
Rv0567,,769872,1,3
Rv3616c,espA,764971,1,4
Rv2623,TB31.7,763327,1,3
Rv3732,,763225,1,3
Rv0743c,,762488,1,3
Rv1532c,,762163,1,2
Rv3287c,rsbW,760831,1,2
Rv2411c,,760144,1,2
Rv0238,,757591,1,3
Rv0147,,757008,1,2
Rv0135c,,756909,1,2
Rv1492,mutA,754579,1,7
Rv2932,ppsB,753677,1,3
Rv2516c,,752428,1,5
Rv2855,mtr,751062,1,3
Rv3472,,750169,1,2
Rv2775,,749558,1,3
Rv2922c,smc,749176,1,3
Rv0802c,,748382,1,4
Rv1500,,747324,1,2
Rv0207c,,746973,1,2
Rv0173,lprK,745609,1,3
Rv2875,mpt70,745378,1,2
Rv0428c,,745204,1,3
Rv1163,narJ,744502,1,3
Rv1217c,,744159,1,4
Rv2613c,,743604,1,3
Rv2237,,743176,1,4
Rv2531c,,740591,1,2
Rv1894c,,739859,1,2
Rv2679,echA15,738858,1,2
Rv1317c,alkA,737996,1,4
Rv3046c,,737364,1,2
Rv2285,,736431,1,4
Rv2575,,733781,1,4
Rv1605,hisF,751616,1,3
Rv3492c,,732631,1,2
Rv3016,lpqA,727858,1,2
Rv3359,,724637,1,3
Rv0161,,724068,1,3
Rv0491,regX3,723493,1,3
Rv1249c,,722876,1,3
Rv0862c,,722164,1,7
Rv2937,drrB,721219,1,2
Rv2529,,721190,1,3
Rv0216,,720019,1,3
Rv3409c,choD,719848,1,2
Rv0255c,cobQ1,718325,1,5
Rv1655,argD,717950,1,3
Rv2212,,717389,1,3
Rv1113,,715299,1,2
Rv2218,lipA,714551,1,3
Rv2337c,,714222,1,2
Rv3270,ctpC,712283,1,2
Rv2474c,,712024,1,2
Rv1428c,,711963,1,3
Rv0518,,711150,1,3
Rv0694,lldD1,709139,1,2
Rv2788,sirR,707861,1,2
Rv3282,,707535,1,2
Rv3314c,deoA,707004,1,5
Rv3916c,,706631,1,4
Rv0640,rplK,705680,1,2
Rv1566c,,704966,1,2
Rv0047c,,704728,1,3
Rv2173,idsA2,704263,1,3
Rv1398c,vapB10,700514,1,2
Rv3087,,699488,1,5
Rv1462,,699435,1,3
Rv0677c,mmpS5,698119,1,2
Rv2001,,697746,1,5
Rv3854c,ethA,697526,1,3
Rv3645,,693938,1,2
Rv3156,nuoL,693658,1,2
Rv2047c,,692939,1,4
Rv1062,,692214,1,2
Rv0025,,691140,1,3
Rv1540,,690560,1,2
Rv0067c,,690330,1,4
Rv2221c,glnE,688095,1,6
Rv1131,prpC,685759,1,2
Rv0415,thiO,684375,1,4
Rv3132c,devS,683605,1,3
Rv0077c,,682823,1,2
Rv0855,far,681480,1,3
Rv1659,argH,681009,1,2
Rv2242,,678778,1,6
Rv0323c,,678457,1,2
Rv2612c,pgsA1,678347,1,2
Rv1600,hisC1,677481,1,2
Rv1259,udgB,676813,1,3
Rv3895c,eccB2,676790,1,5
Rv2115c,mpa,676688,1,2
Rv0206c,mmpL3,676371,1,2
Rv3034c,,675034,1,3
Rv0941c,,674657,1,3
Rv2991,,674080,1,3
Rv2067c,,673481,1,2
Rv3254,,670762,1,4
Rv1331,,411525,1,2
Rv0799c,,666844,1,2
Rv2750,,666301,1,3
Rv0092,ctpA,665992,1,4
Rv1473,,665140,1,5
Rv3570c,hsaA,665073,1,2
Rv1697,,665025,1,4
Rv1838c,vapC13,662908,1,2
Rv1111c,,661019,1,2
Rv2080,lppJ,657411,1,2
Rv1571,,657246,1,2
Rv3160c,,656283,1,5
Rv0001,dnaA,655598,1,3
Rv0991c,,653135,1,2
Rv2043c,pncA,653124,1,2
Rv1647,,652946,1,2
Rv2714,,652194,1,5
Rv3569c,hsaD,651388,1,3
Rv0839,,651336,1,3
Rv1032c,trcS,651102,1,2
Rv1822,pgsA2,650416,1,2
Rv3900c,,650181,1,2
Rv2284,lipM,649735,1,2
Rv0301,vapC2,649234,1,3
Rv3497c,mce4C,648288,1,7
Rv1828,,647077,1,3
Rv0995,rimJ,646560,1,3
Rv1427c,fadD12,646410,1,4
Rv1688,mpg,643920,1,2
Rv0430,,643561,1,3
Rv3576,lppH,642070,1,3
Rv1844c,gnd1,641922,1,3
Rv1470,trxA,641154,1,2
Rv0487,,640533,1,2
Rv3101c,ftsX,640414,1,2
Rv0081,,639784,1,2
Rv2179c,,639457,1,3
Rv2313c,,639451,1,3
Rv0419,lpqM,639035,1,3
Rv3496c,mce4D,638720,1,4
Rv1850,ureC,637457,1,3
Rv2332,mez,636961,1,6
Rv0294,tam,636785,1,4
Rv3488,,636654,1,2
Rv1227c,,636550,1,3
Rv0568,cyp135B1,634560,1,6
Rv2702,ppgK,634116,1,2
Rv1231c,,633604,1,2
Rv2463,lipP,633390,1,2
Rv2983,,632507,1,2
Rv3589,mutY,632301,1,2
Rv2585c,,631955,1,3
Rv0858c,dapC,631758,1,2
Rv2843,,631069,1,2
Rv2501c,accA1,630138,1,3
Rv1117,,628815,1,2
Rv2394,ggtB,628694,1,3
Rv1829,,627538,1,2
Rv1534,,626930,1,5
Rv1153c,omt,626633,1,2
Rv0777,purB,625207,1,2
Rv0182c,sigG,625207,1,3
Rv3329,,623329,1,2
Rv0060,,622876,1,3
Rv1914c,,622031,1,2
Rv2093c,tatC,621736,1,4
Rv0343,iniC,616177,1,4
Rv3691,,615025,1,2
Rv1050,,614281,1,3
Rv0631c,recC,613677,1,4
Rv3855,ethR,613223,1,3
Rv2073c,,613025,1,3
Rv3433c,,611360,1,2
Rv2724c,fadE20,610718,1,4
Rv3052c,nrdI,610313,1,2
Rv1130,prpD,609471,1,3
Rv3915,,609259,1,5
Rv1848,ureA,609205,1,4
Rv2717c,,607726,1,3
Rv2753c,dapA,607263,1,3
Rv2027c,dosT,607151,1,5
Rv1743,pknE,606486,1,3
Rv2764c,thyA,605106,1,3
Rv2416c,eis,601174,1,2
Rv2538c,aroB,600174,1,2
Rv0422c,thiD,599819,1,2
Rv2637,dedA,599752,1,2
Rv2497c,pdhA,597200,1,3
Rv3919c,gid,596951,1,2
Rv2629,,596356,1,3
Rv0571c,,594838,1,5
Rv0490,senX3,594698,1,2
Rv3566c,nat,594204,1,3
Rv2881c,cdsA,594171,1,2
Rv3902c,,593163,1,3
Rv0525,,592984,1,3
Rv2609c,,591973,1,3
Rv1640c,lysX,591388,1,3
Rv2092c,helY,591260,1,3
Rv3792,aftA,589226,1,2
Rv1982A,,589196,1,2
Rv0319,pcp,589034,1,2
Rv2344c,dgt,588379,1,2
Rv3610c,ftsH,587837,1,2
Rv1095,phoH2,586925,1,4
Rv1069c,,585519,1,2
Rv3479,,584478,1,3
Rv1839c,vapB13,584407,1,3
Rv0673,echA4,583113,1,3
Rv3494c,mce4F,583040,1,5
Rv0772,purD,582739,1,2
Rv3441c,mrsA,582122,1,3
Rv1216c,,581914,1,2
Rv2622,,580865,1,5
Rv2365c,,580251,1,2
Rv1426c,lipO,580005,1,3
Rv3683,,579386,1,2
Rv2743c,,579024,1,3
Rv0217c,lipW,577252,1,3
Rv3856c,,575555,1,4
Rv0558,menH,572777,1,3
Rv3860,,572615,1,3
Rv1429,,568683,1,4
Rv2697c,dut,568673,1,2
Rv0483,lprQ,568434,1,2
Rv1008,tatD,566708,1,3
Rv1830,,566430,1,2
Rv2859c,,565910,1,2
Rv1253,deaD,565481,1,4
Rv3485c,,565272,1,3
Rv1665,pks11,565200,1,2
Rv0914c,,562935,1,3
Rv3207c,,561936,1,2
Rv1556,,561769,1,3
Rv1207,folP2,560359,1,4
Rv1270c,lprA,558568,1,3
Rv0989c,grcC2,558422,1,3
Rv3092c,,556351,1,3
Rv2420c,,555771,1,2
Rv3057c,,555335,1,5
Rv2947c,pks15,553341,1,3
Rv3142c,,553218,1,2
Rv3404c,,552069,1,3
Rv0198c,zmp1,551860,1,3
Rv1514c,,551534,1,2
Rv2364c,era,551228,1,2
Rv0939,,549818,1,4
Rv1024,,546719,1,2
Rv2752c,,545070,1,3
Rv1879,,545011,1,3
Rv2671,ribD,544384,1,3
Rv0324,,543952,1,3
Rv2122c,hisE,543509,1,2
Rv1332,,543195,1,3
Rv1864c,,542773,1,5
Rv2794c,pptT,540707,1,2
Rv2118c,,540179,1,3
Rv0959A,vapB9,539561,1,2
Rv3091,,538807,1,3
Rv3715c,recR,536938,1,3
Rv0536,galE3,536232,1,2
Rv2070c,cobK,535259,1,3
Rv3278c,,533635,1,2
Rv2851c,,533513,1,2
Rv2089c,pepE,533005,1,2
Rv3861,,532683,1,2
Rv1219c,,532570,1,4
Rv0174,mce1F,532242,1,3
Rv3690,,530621,1,3
Rv2252,,527843,1,2
Rv2343c,dnaG,526254,1,3
Rv2405,,525942,1,2
Rv2418c,,525354,1,3
Rv2681,,525172,1,4
Rv2426c,,522771,1,3
Rv2566,,521437,1,3
Rv3684,,520220,1,2
Rv1263,amiB2,518944,1,3
Rv1425,,518230,1,3
Rv2152c,murC,517740,1,2
Rv0885,,517491,1,4
Rv3701c,,516587,1,4
Rv0975c,fadE13,515995,1,2
Rv3116,moeB2,514818,1,6
Rv1529,fadD24,514641,1,3
Rv3563,fadE32,514430,1,3
Rv2065,cobH,513970,1,3
Rv0012,,512931,1,2
Rv1849,ureB,511181,1,2
Rv2017,,510628,1,3
Rv2763c,dfrA,510158,1,2
Rv2421c,nadD,508710,1,2
Rv1666c,cyp139,508551,1,3
Rv0342,iniA,508340,1,2
Rv3319,sdhB,507935,1,2
Rv1730c,,507394,1,3
Rv0450c,mmpL4,507290,1,4
Rv3487c,lipF,506132,1,3
Rv2493,,503800,1,2
Rv1289,,502175,1,3
Rv1962c,,502140,1,3
Rv0093c,,501283,1,2
Rv2914c,pknI,500086,1,5
Rv3693,,499313,1,6
Rv2860c,glnA4,497051,1,3
Rv1779c,,495626,1,2
Rv0499,,494285,1,3
Rv3670,ephE,494279,1,4
Rv2713,sthA,493490,1,2
Rv2203,,493079,1,3
Rv0770,,492645,1,5
Rv1992c,ctpG,492092,1,3
Rv1698,,489854,1,3
Rv3885c,eccE2,489831,1,2
Rv0003,recF,489240,1,3
Rv3456c,rplQ,488923,1,2
Rv3181c,,488302,1,3
Rv0949,uvrD1,486463,1,3
Rv2361c,,485458,1,2
Rv1141c,echA11,484434,1,2
Rv3562,fadE31,483712,1,3
Rv0887c,,480456,1,2
Rv3214,gpm2,480299,1,3
Rv3564,fadE33,480155,1,2
Rv1299,prfA,478996,1,3
Rv0143c,,478317,1,2
Rv3247c,tmk,477750,1,2
Rv2893,,476879,1,2
Rv3062,ligB,476743,1,3
Rv2962c,,476102,1,2
Rv1509,,475961,1,3
Rv1455,,475229,1,2
Rv1685c,,475193,1,2
Rv3687c,rsfB,474634,1,2
Rv1284,canA,474373,1,2
Rv0337c,aspC,473516,1,2
Rv3647c,,473178,1,5
Rv1459c,,473062,1,2
Rv0414c,thiE,472029,1,2
Rv2554c,,471960,1,2
Rv0045c,,471648,1,3
Rv2532c,,471526,1,2
Rv2999,lppY,471497,1,2
Rv0835,lpqQ,471359,1,2
Rv3315c,cdd,470129,1,2
Rv3618,,469402,1,3
Rv0570,nrdZ,468057,1,4
Rv1632c,,467331,1,3
Rv2148c,,467005,1,2
Rv2552c,aroE,466320,1,3
Rv3268,,464494,1,3
Rv3299c,atsB,464100,1,2
Rv1188,,463745,1,3
Rv0629c,recD,463515,1,2
Rv3498c,mce4B,463323,1,3
Rv3627c,,463279,1,4
Rv3071,,461235,1,3
Rv2583c,relA,460920,1,7
Rv3565,aspB,459712,1,4
Rv2870c,dxr,459392,1,3
Rv0170,mce1B,459052,1,3
Rv0993,galU,457957,1,2
Rv0817c,,457538,1,3
Rv1774,,453770,1,3
Rv1926c,mpt63,452866,1,2
Rv2286c,,452508,1,4
Rv0877,,451604,1,2
Rv1597,,451234,1,2
Rv3765c,tcrX,450977,1,3
Rv1607,chaA,449322,1,2
Rv1742,,448536,1,2
Rv0274,,448218,1,2
Rv3277,,447536,1,3
Rv3546,fadA5,447349,1,3
Rv0485,,447264,1,3
Rv2366c,,447138,1,2
Rv2725c,hflX,447111,1,5
Rv2521,bcp,445118,1,2
Rv2559c,,443990,1,2
Rv0846c,,442908,1,2
Rv3231c,,442315,1,2
Rv2303c,,441971,1,4
Rv1107c,xseB,441050,1,2
Rv1011,ispE,440022,1,3
Rv3225c,,439615,1,6
Rv1485,hemZ,439547,1,2
Rv1472,echA12,438484,1,4
Rv0653c,,438265,1,2
Rv1418,lprH,437718,1,2
Rv2690c,,437701,1,3
Rv1524,,437422,1,4
Rv0214,fadD4,436700,1,2
Rv2980,,435809,1,3
Rv3221A,rshA,435446,1,2
Rv0628c,,435387,1,2
Rv2188c,pimB,434672,1,4
Rv3631,,433360,1,2
Rv0987,,431961,1,3
Rv3173c,,431355,1,2
Rv1906c,,429980,1,2
Rv3759c,proX,428228,1,2
Rv3796,,426313,1,2
Rv0526,,426010,1,2
Rv1963c,mce3R,425315,1,3
Rv3560c,fadE30,424581,1,5
Rv1812c,,423937,1,3
Rv1168c,PPE17,422860,1,3
Rv3259,,422769,1,2
Rv2821c,,422676,1,3
Rv0569,,421330,1,2
Rv1633,uvrB,421087,1,2
Rv1722,,419857,1,2
Rv0704,rplB,418430,1,2
Rv1279,,418099,1,2
Rv0027,,417800,1,3
Rv3414c,sigD,417326,1,3
Rv0344c,lpqJ,417000,1,3
Rv0908,ctpE,416392,1,2
Rv0897c,,416367,1,3
Rv1878,glnA3,414063,1,2
Rv2854,,413658,1,2
Rv3262,fbiB,413405,1,2
Rv2190c,,413162,1,3
Rv0013,trpG,411230,1,2
Rv2236c,cobD,410634,1,2
Rv1477,ripA,409590,1,2
Rv2506,,409589,1,3
Rv3752c,,409328,1,3
Rv2567,,409002,1,3
Rv1625c,cya,408778,1,3
Rv3806c,ubiA,408631,1,3
Rv0768,aldA,407446,1,3
Rv1835c,,406948,1,5
Rv2704,,405992,1,2
Rv3286c,sigF,404863,1,7
Rv3730c,,404762,1,3
Rv1766,,404614,1,2
Rv0645c,mmaA1,403327,1,2
Rv2789c,fadE21,401854,1,2
Rv3415c,,401656,1,3
Rv0529,ccsA,401248,1,2
Rv2887,,401101,1,2
Rv0752c,fadE9,400908,1,2
Rv3194c,,400649,1,2
Rv3451,cut3,399851,1,3
Rv2385,mbtJ,398672,1,3
Rv1564c,treX,397834,1,2
Rv1661,pks7,397736,1,5
Rv1976c,,397387,1,4
Rv2869c,rip,396369,1,2
Rv2727c,miaA,395670,1,3
Rv0938,ligD,394885,1,3
Rv0477,,392842,1,2
Rv0310c,,392466,1,2
Rv1501,,392057,1,2
Rv1204c,,391636,1,4
Rv2282c,,390191,1,5
Rv1675c,cmr,387932,1,3
Rv0552,,387930,1,2
Rv1202,dapE,387342,1,2
Rv2956,,387332,1,2
Rv2526,vapB17,385639,1,2
Rv2779c,,385183,1,2
Rv0971c,echA7,384596,1,4
Rv3717,,382677,1,3
Rv2984,ppk1,382478,1,2
Rv2090,,381931,1,3
Rv1242,,380898,1,2
Rv1905c,aao,380589,1,3
Rv2184c,,380282,1,2
Rv3249c,,378832,1,2
Rv2824c,,377915,1,5
Rv1142c,echA10,377119,1,3
Rv1687c,,376711,1,2
Rv2923c,,376015,1,2
Rv0029,,374786,1,2
Rv0353,hspR,373749,1,2
Rv0062,celA1,373233,1,3
Rv0425c,ctpH,371368,1,3
Rv1997,ctpF,370963,1,2
Rv0169,mce1A,369643,1,3
Rv3604c,,368092,1,3
Rv3164c,moxR3,367945,1,3
Rv3455c,truA,365767,1,3
Rv0805,,365305,1,2
Rv0136,cyp138,365133,1,5
Rv0779c,,364405,1,2
Rv1431,,364366,1,2
Rv2700,,364206,1,2
Rv3797,fadE35,364052,1,2
Rv2912c,,364049,1,2
Rv0713,,364003,1,3
Rv2133c,,363809,1,3
Rv0792c,,363728,1,3
Rv2786c,ribF,363292,1,3
Rv1809,PPE33,363053,1,2
Rv0550c,vapB3,362672,1,2
Rv1167c,,361358,1,3
Rv3100c,smpB,361240,1,2
Rv1161,narG,360728,1,2
Rv1868,,360617,1,4
Rv2423,,357686,1,4
Rv0542c,menE,356989,1,2
Rv0807,,356955,1,2
Rv2938,drrC,356823,1,2
Rv0184,,355065,1,2
Rv0561c,,354344,1,3
Rv0381c,,353914,1,2
Rv3651,,351369,1,2
Rv1110,lytB2,351014,1,2
Rv2900c,fdhF,350648,1,3
Rv2610c,pimA,350359,1,2
Rv2127,ansP1,349217,1,2
Rv0581,,345994,1,2
Rv3726,,343960,1,2
Rv0539,,343257,1,3
Rv0988,,343084,1,3
Rv1657,argR,342380,1,2
Rv2062c,cobN,341679,1,6
Rv1033c,trcR,341630,1,2
Rv1637c,,340640,1,2
Rv1846c,blaI,340452,1,3
Rv1586c,,337757,1,3
Rv2728c,,337157,1,3
Rv2410c,,335676,1,2
Rv3673c,,334842,1,2
Rv1288,,334427,1,3
Rv1578c,,333373,1,2
Rv0404,fadD30,332813,1,2
Rv2958c,,332683,1,3
Rv0893c,,331194,1,2
Rv3372,otsB2,330921,1,2
Rv0112,gca,330529,1,2
Rv2595,,329870,1,2
Rv2156c,murX,329223,1,2
Rv0982,mprB,329134,1,2
Rv3296,lhr,328294,1,3
Rv1994c,cmtR,328294,1,2
Rv3786c,,328115,1,2
Rv1606,hisI,326550,1,2
Rv0495c,,325914,1,2
Rv1691,,323876,1,3
Rv2658c,,322213,1,2
Rv2440c,obg,322132,1,3
Rv1569,bioF1,322027,1,4
Rv2207,cobT,321473,1,2
Rv3523,ltp3,321465,1,3
Rv3559c,,321439,1,2
Rv1781c,malQ,320037,1,4
Rv1208,gpgS,319348,1,2
Rv3550,echA20,318626,1,2
Rv3579c,,318232,1,2
Rv0380c,,317359,1,2
Rv0486,mshA,315868,1,3
Rv1474c,,315709,1,3
Rv3170,aofH,315559,1,3
Rv1465,,314944,1,5
Rv3493c,,313659,1,3
Rv2846c,efpA,313220,1,2
Rv2048c,pks12,312961,1,3
Rv1320c,,312724,1,2
Rv0196,,312456,1,3
Rv2871,,311842,1,2
Rv2307c,,311706,1,2
Rv3145,nuoA,309830,1,2
Rv0263c,,309682,1,2
Rv1277,,308518,1,2
Rv1151c,,308147,1,2
Rv2650c,,307440,1,2
Rv1618,tesB1,307276,1,2
Rv0233,nrdB,306336,1,2
Rv1547,dnaE1,305937,1,2
Rv0808,purF,304551,1,2
Rv3406,,304454,1,2
Rv2008c,,303402,0,2
Rv1738,,303333,0,2
Rv0728c,serA2,303295,0,3
Rv3361c,,302842,0,2
Rv3663c,dppD,302577,0,4
Rv1125,,302428,0,2
Rv1563c,treY,299991,0,3
Rv0179c,lprO,298701,0,3
Rv1014c,pth,298634,0,2
Rv2380c,mbtE,298207,0,2
Rv1959c,parE1,298047,0,2
Rv3886c,mycP2,297823,0,3
Rv2705c,,297764,0,2
Rv1366,,297117,0,2
Rv2000,,296880,0,3
Rv0823c,,296773,0,4
Rv3120,,295893,0,2
Rv3644c,,295287,0,2
Rv0888,,295003,0,2
Rv0983,pepD,294537,0,2
Rv0883c,,293573,0,4
Rv2695,,293540,0,4
Rv3543c,fadE29,293406,0,2
Rv1045,,293294,0,2
Rv0937c,mku,293148,0,5
Rv1386,PE15,292763,0,2
Rv1841c,,292645,0,2
Rv3480c,,292549,0,3
Rv0138,,291413,0,2
Rv0958,,291166,0,2
Rv3820c,papA2,291050,0,3
Rv3362c,,290934,0,4
Rv0786c,,290089,0,2
Rv3328c,sigJ,289545,0,2
Rv2139,pyrD,289316,0,2
Rv3330,dacB1,288333,0,3
Rv1160,mutT2,288274,0,2
Rv2830c,vapB22,287386,0,2
Rv0376c,,286474,0,3
Rv1922,,284160,0,2
Rv0880,,283967,0,2
Rv3088,,283042,0,2
Rv3554,fdxB,282896,0,3
Rv3923c,rnpA,282412,0,3
Rv1417,,281917,0,2
Rv0790c,,281739,0,2
Rv3310,sapM,280864,0,2
Rv1748,,280581,0,4
Rv0735,sigL,280271,0,3
Rv0923c,,280078,0,3
Rv1247c,relB,279259,0,2
Rv0840c,pip,279164,0,2
Rv0848,cysK2,278790,0,2
Rv1987,,278122,0,2
Rv1264,,278009,0,3
Rv0630c,recB,277031,0,4
Rv3377c,,276836,0,2
Rv3167c,,276180,0,2
Rv1345,mbtM,276084,0,2
Rv0616A,,275848,0,3
Rv0565c,,275499,0,2
Rv1493,mutB,275493,0,2
Rv1847,,275097,0,2
Rv1420,uvrC,274506,0,2
Rv2571c,,273973,0,2
Rv0162c,adhE1,273615,0,2
Rv3666c,dppA,273050,0,4
Rv1667c,,271023,0,2
Rv1334,mec,268929,0,2
Rv2169c,,268276,0,2
Rv0349,,268238,0,2
Rv2677c,hemY,267803,0,2
Rv0385,,267444,0,4
Rv3859c,gltB,267294,0,2
Rv0311,,266602,0,2
Rv3672c,,265866,0,3
Rv1165,typA,264875,0,2
Rv0264c,,264771,0,3
Rv2748c,ftsK,264670,0,2
Rv1709,scpA,260659,0,2
Rv1382,,260448,0,2
Rv1576c,,259917,0,2
Rv1254,,257678,0,2
Rv2822c,,257410,0,2
Rv3552,,256103,0,2
Rv1321,,255382,0,2
Rv3530c,,254467,0,3
Rv0051,,254263,0,3
Rv3625c,mesJ,253972,0,3
Rv1866,,252236,0,2
Rv1644,tsnR,252192,0,2
Rv3835,,251108,0,2
Rv2902c,rnhB,250621,0,3
Rv0974c,accD2,249216,0,2
Rv2994,,248099,0,3
Rv2802c,,246328,0,2
Rv3265c,wbbL1,245535,0,2
Rv2431c,PE25,245083,0,2
Rv2793c,truB,244751,0,2
Rv0063,,244039,0,2
Rv1486c,,243406,0,2
Rv3665c,dppB,241764,0,3
Rv0549c,vapC3,241283,0,3
Rv1721c,vapB12,240543,0,2
Rv0643c,mmaA3,240390,0,2
Rv3306c,amiB1,240335,0,2
Rv3522,ltp4,239592,0,2
Rv2522c,,237548,0,3
Rv2045c,lipT,237506,0,2
Rv0239,,237085,0,2
Rv2011c,,236544,0,3
Rv3553,,234645,0,2
Rv3238c,,234440,0,2
Rv3662c,,233106,0,2
Rv3836,,232421,0,2
Rv2667,clpC2,231932,0,4
Rv2102,,231669,0,2
Rv3317,sdhD,230658,0,3
Rv3308,pmmB,228360,0,2
Rv0966c,,228124,0,2
Rv2633c,,227478,0,3
Rv2733c,,226624,0,3
Rv2012,,226611,0,2
Rv0597c,,225999,0,2
Rv1005c,pabB,225866,0,3
Rv3334,,225234,0,2
Rv2756c,hsdM,224971,0,4
Rv0087,hycE,224477,0,2
Rv1885c,,224371,0,2
Rv0595c,vapC4,224245,0,2
Rv2842c,,223122,0,2
Rv0251c,hsp,222952,0,2
Rv2601A,,222645,0,2
Rv2514c,,222494,0,2
Rv1138c,,221334,0,4
Rv3179,,220973,0,2
Rv0710,rpsQ,219119,0,2
Rv3382c,lytB1,217912,0,3
Rv0586,mce2R,217560,0,2
Rv0973c,accA2,217440,0,3
Rv2397c,cysA1,216442,0,3
Rv1022,lpqU,215091,0,2
Rv3758c,proV,214223,0,2
Rv1817,,213137,0,2
Rv2219,,212996,0,2
Rv1773c,,212982,0,3
Rv2867c,,211639,0,3
Rv1991A,mazE6,211377,0,2
Rv1456c,,211028,0,2
Rv1842c,,210967,0,2
Rv2669,,209505,0,2
Rv3081,,208447,0,2
Rv1226c,,208379,0,2
Rv1159,pimE,206795,0,2
Rv3435c,,205154,0,2
Rv1114,,204841,0,2
Rv2458,mmuM,204663,0,3
Rv2103c,,204260,0,2
Rv3245c,mtrB,203859,0,2
Rv1981c,nrdF1,201534,0,2
Rv3617,ephA,201109,0,2
Rv1393c,,200092,0,2
Rv2327,,199415,0,2
Rv3694c,,198916,0,2
Rv1523,,197804,0,3
Rv1646,PE17,197730,0,2
Rv2966c,,197655,0,2
Rv0434,,197103,0,2
Rv2664,,196778,0,2
Rv3768,,196174,0,2
Rv2950c,fadD29,195213,0,2
Rv3832c,,195072,0,3
Rv1026,,194336,0,2
Rv2066,cobI,194035,0,2
Rv1442,bisC,193000,0,2
Rv3030,,192288,0,2
Rv0744c,,190636,0,2
Rv2946c,pks1,188054,0,2
Rv3495c,lprN,187729,0,2
Rv1175c,fadH,185448,0,2
Rv1750c,fadD1,184934,0,2
Rv3049c,,184773,0,2
Rv0220,lipC,183677,0,2
Rv1502,,182622,0,2
Rv2287,yjcE,180910,0,2
Rv2849c,cobO,180698,0,2
Rv0215c,fadE3,179650,0,3
Rv0078,,179233,0,2
Rv0766c,cyp123,178774,0,2
Rv3024c,trmU,178513,0,2
Rv3903c,,176886,0,2
Rv2235,,176528,0,2
Rv3744,nmtR,175953,0,2
Rv2926c,,175495,0,2
Rv3332,nagA,175357,0,2
Rv3054c,,173954,0,2
Rv1164,narI,173861,0,2
Rv2205c,,173051,0,2
Rv0166,fadD5,172859,0,2
Rv2183c,,172670,0,3
Rv1346,mbtN,172412,0,2
Rv2370c,,170840,0,2
Rv2413c,,170204,0,2
Rv1154c,,170069,0,3
Rv1852,ureG,170062,0,2
Rv2034,,168524,0,2
Rv3787c,,168190,0,2
Rv0421c,,166700,0,2
Rv3894c,eccC2,165156,0,2
Rv1723,,164933,0,2
Rv2359,zur,163939,0,2
Rv2776c,,163724,0,3
Rv3677c,,163649,0,2
Rv0869c,moaA2,163454,0,2
Rv3764c,tcrY,163213,0,2
Rv3922c,,160494,0,2
Rv0881,,159869,0,4
Rv0787,,159095,0,2
Rv3226c,,158020,0,2
Rv0959,,158007,0,3
Rv2125,,156959,0,2
Rv1660,pks10,156848,0,2
Rv3360,,156667,0,2
Rv3327,,156495,0,2
Rv2464c,,156231,0,2
Rv0070c,glyA2,156063,0,3
Rv3538,,155855,0,3
Rv0638,secE1,155085,0,2
Rv3266c,rmlD,154915,0,2
Rv1028c,kdpD,153910,0,2
Rv0758,phoR,153604,0,4
Rv1985c,,152477,0,3
Rv2350c,plcB,151305,0,2
Rv3405c,,151122,0,2
Rv1713,engA,150459,0,2
Rv0339c,,150374,0,2
Rv1043c,,149081,0,2
Rv2918c,glnD,148869,0,2
Rv3375,amiD,148766,0,2
Rv2659c,,147696,0,2
Rv1329c,dinG,143841,0,4
Rv3234c,,143114,0,2
Rv1162,narH,141852,0,2
Rv3069,,141776,0,2
Rv2033c,,141531,0,2
Rv0346c,ansP2,140764,0,2
Rv3573c,fadE34,140433,0,2
Rv1221,sigE,140323,0,2
Rv2844,,140260,0,2
Rv3704c,gshA,138070,0,2
Rv3733c,,137878,0,2
Rv3784,,135917,0,2
Rv1241,,135462,0,2
Rv3572,,134655,0,2
Rv2206,,134473,0,2
Rv2383c,mbtB,134135,0,3
Rv3233c,,133384,0,2
Rv2217,lipB,133309,0,2
Rv2176,pknL,131840,0,2
Rv3007c,,131227,0,2
Rv2488c,,129123,0,3
Rv2378c,mbtG,127969,0,2
Rv1405c,,126298,0,2
Rv3544c,fadE28,126092,0,2
Rv3221c,TB7.3,125918,0,2
Rv3082c,virS,124463,0,2
Rv0312,,123040,0,2
Rv0405,pks6,122839,0,2
Rv3121,cyp141,122775,0,2
Rv2324,,121870,0,2
Rv2170,,120079,0,2
Rv1183,mmpL10,119725,0,2
Rv0765c,,119195,0,2
Rv1190,,118780,0,2
Rv2336,,118349,0,2
Rv2957,,117862,0,2
Rv1635c,,117351,0,2
Rv2300c,,116707,0,2
Rv0024,,116580,0,2
Rv2835c,ugpA,113320,0,2
Rv3561,fadD3,113182,0,2
Rv3585,radA,113085,0,2
Rv2539c,aroK,112794,0,2
Rv0516c,,108963,0,2
Rv3713,cobQ2,107919,0,2
Rv0604,lpqO,107902,0,2
Rv1913,,105429,0,2
Rv2266,cyp124,104737,0,2
Rv2505c,fadD35,104452,0,2
Rv1620c,cydC,103553,0,2
Rv1348,irtA,103538,0,2
Rv0898c,,100306,0,2
Rv2573,,99500,0,2
Rv1222,rseA,98717,0,2
Rv1727,,98419,0,2
Rv2624c,,94193,0,3
Rv2735c,,93830,0,2
Rv1127c,ppdK,93093,0,2
Rv3138,pflA,92204,0,3
Rv0035,fadD34,90381,0,2
Rv1674c,,89847,0,2
Rv3594,,88906,0,2
Rv0783c,emrB,85873,0,2
Rv0921,,85024,0,2
Rv3711c,dnaQ,84269,0,2
Rv1729c,,83813,0,2
Rv3267,,83285,0,2
Rv3540c,ltp2,81669,0,2
Rv0979A,rpmF,80908,0,2
Rv1186c,,80334,0,2
Rv3131,,78385,0,2
Rv1775,,76950,0,2
Rv3107c,agpS,76943,0,2
Rv1173,fbiC,76680,0,2
Rv1530,adh,76112,0,2
Rv2820c,,75343,0,2
Rv2138,lppL,74806,0,2
Rv3341,metA,72889,0,2
Rv2894c,xerC,72860,0,2
Rv1525,wbbL2,72553,0,2
Rv1745c,idi,63912,0,2
Rv2382c,mbtC,60874,0,2
Rv0764c,cyp51,49365,0,2
Rv2273,,37999,0,2
