,A,R,N,D,C,Q,E,G,H,I,L,K,M,F,P,S,T,W,Y,V
1,0.42,1.65,1.68,0.81,2.7,1.71,1.56,1.32,0.13,1.52,1.29,2.03,1.72,2.37,1.41,1.47,0.3,2.83,0.7,1.33
2,2.07,1.4,0.3,0.13,0.32,1.11,0.48,2.05,1.5,0.45,1.21,0.26,0.85,0.23,0.27,1.11,0.68,1.79,0.95,1.39
3,0.67,0.01,0.49,1.36,1.19,0.08,0.87,0.6,1.22,0.39,0.25,1.22,0.34,0.09,1.09,0.27,0.88,0.16,0.36,0.15
4,0.01,0.88,0.15,0.63,1.37,0.15,0.02,0.31,0.52,0.36,0.96,0.98,0.44,0.37,0.77,0.13,0.23,0.14,0.6,0.4
5,1.1,0.08,0.09,0.15,0.04,0.11,0.07,0.61,1.14,0.01,0.18,0.05,0.01,0.19,0.87,0.15,0.1,0.42,0.09,0.04
6,0.32,0.07,0.59,0.1,0.18,0.45,0.13,0.58,0.45,0.55,0.06,0.32,0.8,0.04,0.33,0.22,0.23,0.84,0.06,0.27
7,0.2,0.6,0.06,0.45,0.64,0.11,0.22,0.0,0.13,0.06,0.04,0.1,0.16,0.03,0.04,0.09,0.03,0.13,0.55,0.07
8,0.09,0.53,0.02,0.31,0.21,0.08,0.15,0.3,0.04,0.1,0.0,0.73,0.05,0.06,0.27,0.05,0.01,0.06,0.01,0.12
9,0.2,0.1,0.14,0.1,0.26,0.02,0.09,0.44,0.1,0.02,0.09,0.11,0.05,0.14,0.43,0.05,0.14,0.04,0.28,0.1
10,0.09,0.01,0.0,0.03,0.35,0.25,0.1,0.14,0.07,0.08,0.26,0.19,0.3,0.14,0.06,0.14,0.16,0.18,0.17,0.06
11,0.11,0.09,0.14,0.15,0.02,0.12,0.04,0.18,0.11,0.1,0.18,0.14,0.29,0.1,0.1,0.3,0.15,0.32,0.12,0.01
12,0.15,0.07,0.09,0.02,0.11,0.25,0.05,0.12,0.13,0.12,0.05,0.02,0.06,0.03,0.14,0.01,0.2,0.26,0.23,0.09
13,0.01,0.09,0.08,0.16,0.05,0.2,0.12,0.12,0.06,0.18,0.0,0.03,0.02,0.21,0.03,0.16,0.12,0.15,0.02,0.07
14,0.06,0.08,0.14,0.12,0.04,0.16,0.28,0.01,0.07,0.01,0.11,0.02,0.03,0.04,0.03,0.03,0.05,0.08,0.13,0.1
15,0.02,0.03,0.11,0.07,0.03,0.01,0.03,0.06,0.01,0.12,0.01,0.05,0.03,0.09,0.01,0.01,0.21,0.04,0.05,0.2
16,0.16,0.09,0.01,0.11,0.1,0.07,0.09,0.0,0.16,0.02,0.15,0.01,0.09,0.03,0.04,0.06,0.07,0.01,0.08,0.02
17,0.07,0.03,0.01,0.01,0.04,0.02,0.06,0.04,0.06,0.2,0.14,0.01,0.14,0.06,0.03,0.05,0.0,0.06,0.02,0.08
18,0.03,0.02,0.01,0.05,0.04,0.03,0.02,0.01,0.03,0.01,0.02,0.02,0.0,0.18,0.01,0.06,0.04,0.12,0.02,0.13
